iso2_code,development_status_3,distributed_year,distributed_real_cost,distributed_length,cost_per_km_distributed
AE,EMDE,2010,1420.0,10.333333333333332,137.4193548387097
AE,EMDE,2016,580.0,3.0,193.33333333333334
AE,EMDE,2017,580.0,3.0,193.33333333333334
AE,EMDE,2018,580.0,3.0,193.33333333333334
AE,EMDE,2019,580.0,3.0,193.33333333333334
AE,EMDE,2020,580.0,3.0,193.33333333333334
AR,EMDE,2020,328.57142857142856,2.857142857142857,114.99999999999999
AR,EMDE,2021,328.57142857142856,2.857142857142857,114.99999999999999
AR,EMDE,2022,328.57142857142856,2.857142857142857,114.99999999999999
AR,EMDE,2023,328.57142857142856,2.857142857142857,114.99999999999999
AR,EMDE,2024,328.57142857142856,2.857142857142857,114.99999999999999
AR,EMDE,2025,328.57142857142856,2.857142857142857,114.99999999999999
AR,EMDE,2026,328.57142857142856,2.857142857142857,114.99999999999999
AT,AE,2019,223.894902,0.8181818181818182,273.64932466666664
AT,AE,2020,223.894902,0.8181818181818182,273.64932466666664
AT,AE,2021,223.894902,0.8181818181818182,273.64932466666664
AT,AE,2022,223.894902,0.8181818181818182,273.64932466666664
AT,AE,2023,223.894902,0.8181818181818182,273.64932466666664
AT,AE,2024,223.894902,0.8181818181818182,273.64932466666664
AT,AE,2025,223.894902,0.8181818181818182,273.64932466666664
AT,AE,2026,223.894902,0.8181818181818182,273.64932466666664
AT,AE,2027,223.894902,0.8181818181818182,273.64932466666664
AT,AE,2028,223.894902,0.8181818181818182,273.64932466666664
AT,AE,2029,223.894902,0.8181818181818182,273.64932466666664
AU,AE,2013,1075.7282818285714,5.142857142857143,209.1693881333333
AU,AE,2014,1075.7282818285714,5.142857142857143,209.1693881333333
AU,AE,2015,1075.7282818285714,5.142857142857143,209.1693881333333
AU,AE,2016,1075.7282818285714,5.142857142857143,209.1693881333333
AU,AE,2017,2560.6778934535714,8.892857142857142,287.947714926506
AU,AE,2018,3735.9885057379715,10.017857142857142,372.93289896849626
AU,AE,2019,3735.9885057379715,10.017857142857142,372.93289896849626
AU,AE,2020,2660.2602239094,4.875,545.6944049044923
AU,AE,2021,2660.2602239094,4.875,545.6944049044923
AU,AE,2022,2660.2602239094,4.875,545.6944049044923
AU,AE,2023,2660.2602239094,4.875,545.6944049044923
AU,AE,2024,2660.2602239094,4.875,545.6944049044923
AU,AE,2025,1175.3106122844,1.125,1044.7205442528
BD,EMDE,2015,536.7756108,2.6625,201.6058632112676
BD,EMDE,2016,536.7756108,2.6625,201.6058632112676
BD,EMDE,2017,536.7756108,2.6625,201.6058632112676
BD,EMDE,2018,536.7756108,2.6625,201.6058632112676
BD,EMDE,2019,536.7756108,2.6625,201.6058632112676
BD,EMDE,2020,1961.3680114499998,9.297420634920636,210.95829568936594
BD,EMDE,2021,1961.3680114499998,9.297420634920636,210.95829568936594
BD,EMDE,2022,1961.3680114499998,9.297420634920636,210.95829568936594
BD,EMDE,2023,1424.59240065,6.634920634920635,214.7112948348086
BD,EMDE,2024,1424.59240065,6.634920634920635,214.7112948348086
BD,EMDE,2025,1424.59240065,6.634920634920635,214.7112948348086
BD,EMDE,2026,1424.59240065,6.634920634920635,214.7112948348086
BD,EMDE,2027,539.87566206,2.177777777777778,247.90208972142852
BD,EMDE,2028,539.87566206,2.177777777777778,247.90208972142852
BE,AE,2020,329.9677648222222,0.5333333333333333,618.6895590416666
BE,AE,2021,329.9677648222222,0.5333333333333333,618.6895590416666
BE,AE,2022,329.9677648222222,0.5333333333333333,618.6895590416666
BE,AE,2023,329.9677648222222,0.5333333333333333,618.6895590416666
BE,AE,2024,329.9677648222222,0.5333333333333333,618.6895590416666
BE,AE,2025,329.9677648222222,0.5333333333333333,618.6895590416666
BE,AE,2026,329.9677648222222,0.5333333333333333,618.6895590416666
BE,AE,2027,329.9677648222222,0.5333333333333333,618.6895590416666
BE,AE,2028,329.9677648222222,0.5333333333333333,618.6895590416666
BG,EMDE,2010,280.03184129759995,3.4,82.36230626399998
BG,EMDE,2011,280.03184129759995,3.4,82.36230626399998
BG,EMDE,2012,285.42795371999995,3.66,77.98577970491802
BG,EMDE,2013,24.8751769944,1.26,19.742203963809523
BG,EMDE,2014,24.8751769944,1.26,19.742203963809523
BG,EMDE,2015,24.8751769944,1.26,19.742203963809523
BG,EMDE,2016,97.63803850573333,2.26,43.20267190519174
BG,EMDE,2017,92.24192608333334,2.0,46.12096304166667
BG,EMDE,2018,92.24192608333334,2.0,46.12096304166667
BG,EMDE,2019,92.24192608333334,2.0,46.12096304166667
BG,EMDE,2020,92.24192608333334,2.0,46.12096304166667
BG,EMDE,2021,92.24192608333334,2.0,46.12096304166667
BH,EMDE,2018,200.797872334,4.766666666666667,42.125427762377626
BH,EMDE,2019,200.797872334,4.766666666666667,42.125427762377626
BH,EMDE,2020,200.797872334,4.766666666666667,42.125427762377626
BH,EMDE,2021,200.797872334,4.766666666666667,42.125427762377626
BH,EMDE,2022,200.797872334,4.766666666666667,42.125427762377626
BH,EMDE,2023,200.797872334,4.766666666666667,42.125427762377626
BR,EMDE,2010,1374.389674405238,5.319047619047619,258.3901805059087
BR,EMDE,2011,1374.389674405238,5.319047619047619,258.3901805059087
BR,EMDE,2012,1504.389674405238,6.089047619047619,247.0648562016892
BR,EMDE,2013,1504.389674405238,6.089047619047619,247.0648562016892
BR,EMDE,2014,1504.389674405238,6.089047619047619,247.0648562016892
BR,EMDE,2015,1825.0080466719048,7.855714285714285,232.3159906656362
BR,EMDE,2016,1825.0080466719048,7.855714285714285,232.3159906656362
BR,EMDE,2017,988.6015951433333,5.57,177.4868213901855
BR,EMDE,2018,842.8361548766667,3.7366666666666664,225.55829300892063
BR,EMDE,2019,842.8361548766667,3.7366666666666664,225.55829300892063
BR,EMDE,2020,450.61837226666665,2.5366666666666666,177.6419338764783
BR,EMDE,2021,450.61837226666665,2.5366666666666666,177.6419338764783
BR,EMDE,2022,320.61837226666665,1.7666666666666666,181.48209750943397
BR,EMDE,2023,320.61837226666665,1.7666666666666666,181.48209750943397
CA,AE,2010,311.4713340444444,0.9555555555555555,325.9583728372093
CA,AE,2011,311.4713340444444,0.9555555555555555,325.9583728372093
CA,AE,2012,597.6531328044443,3.1355555555555554,190.60518055421684
CA,AE,2013,597.6531328044443,3.1355555555555554,190.60518055421684
CA,AE,2014,597.6531328044443,3.1355555555555554,190.60518055421684
CA,AE,2015,597.6531328044443,3.1355555555555554,190.60518055421684
CA,AE,2016,597.6531328044443,3.1355555555555554,190.60518055421684
CA,AE,2017,311.4713340444444,0.9555555555555555,325.9583728372093
CA,AE,2020,1583.4250366780518,3.1603896103896103,501.02209913379903
CA,AE,2021,1583.4250366780518,3.1603896103896103,501.02209913379903
CA,AE,2022,3673.2333584380517,4.71038961038961,779.8151877577336
CA,AE,2023,3673.2333584380517,4.71038961038961,779.8151877577336
CA,AE,2024,3673.2333584380517,4.71038961038961,779.8151877577336
CA,AE,2025,3673.2333584380517,4.71038961038961,779.8151877577336
CA,AE,2026,3321.5458313080517,3.7603896103896104,883.2983215704368
CA,AE,2027,2842.214017450909,2.9318181818181817,969.4373392855814
CA,AE,2028,2842.214017450909,2.9318181818181817,969.4373392855814
CA,AE,2029,2842.214017450909,2.9318181818181817,969.4373392855814
CA,AE,2030,2842.214017450909,2.9318181818181817,969.4373392855814
CA,AE,2031,2089.80832176,1.55,1348.2634333935484
CL,EMDE,2013,428.57142857142856,5.285714285714286,81.08108108108108
CL,EMDE,2014,428.57142857142856,5.285714285714286,81.08108108108108
CL,EMDE,2015,428.57142857142856,5.285714285714286,81.08108108108108
CL,EMDE,2016,428.57142857142856,5.285714285714286,81.08108108108108
CL,EMDE,2017,428.57142857142856,5.285714285714286,81.08108108108108
CL,EMDE,2018,428.57142857142856,5.285714285714286,81.08108108108108
CL,EMDE,2019,428.57142857142856,5.285714285714286,81.08108108108108
CL,EMDE,2021,483.3333333333333,4.133333333333334,116.93548387096773
CL,EMDE,2022,483.3333333333333,4.133333333333334,116.93548387096773
CL,EMDE,2023,483.3333333333333,4.133333333333334,116.93548387096773
CL,EMDE,2024,483.3333333333333,4.133333333333334,116.93548387096773
CL,EMDE,2025,483.3333333333333,4.133333333333334,116.93548387096773
CL,EMDE,2026,483.3333333333333,4.133333333333334,116.93548387096773
CN,EMDE,2010,9253.227537548448,128.36671794871793,72.08431971630746
CN,EMDE,2011,10049.805859209015,130.4727512820513,77.02608981919686
CN,EMDE,2012,17440.73175475288,209.9683862026862,83.06360814678565
CN,EMDE,2013,24124.743107724713,273.30948620268623,88.26895635021542
CN,EMDE,2014,30487.95668606169,321.2483481074481,94.90463333328758
CN,EMDE,2015,33773.82426072731,327.39934810744813,103.15788487655507
CN,EMDE,2016,45768.7045546174,428.25570048840046,106.87237671891087
CN,EMDE,2017,59344.33128759181,536.3472314407815,110.64535772502458
CN,EMDE,2018,61483.50796924111,551.6477981074481,111.45427966933633
CN,EMDE,2019,74251.61904043792,661.44686001221,112.25636332912256
CN,EMDE,2020,73959.1420811954,646.1614076312576,114.45923759563397
CN,EMDE,2021,63177.66043485701,539.5213036630037,117.09947319210791
CN,EMDE,2022,45607.61877441678,406.364736996337,112.23320977978433
CN,EMDE,2023,29203.455916158044,261.96183333333335,111.47981194267375
CN,EMDE,2024,23454.154819839412,214.4747857142857,109.35623384225711
CN,EMDE,2025,15234.357591821414,143.17695238095237,106.40230385186021
CN,EMDE,2026,11294.15988615428,104.73466666666667,107.83592716344427
CN,EMDE,2027,3569.4674094194565,33.80795238095238,105.5807038887844
CN,EMDE,2028,936.1332777850668,10.533333333333333,88.87341244794938
CZ,AE,2010,176.28142060000002,1.0166666666666666,173.39156124590167
CZ,AE,2011,176.28142060000002,1.0166666666666666,173.39156124590167
CZ,AE,2012,176.28142060000002,1.0166666666666666,173.39156124590167
CZ,AE,2013,176.28142060000002,1.0166666666666666,173.39156124590167
CZ,AE,2014,176.28142060000002,1.0166666666666666,173.39156124590167
CZ,AE,2015,176.28142060000002,1.0166666666666666,173.39156124590167
CZ,AE,2021,374.16038066666664,1.1666666666666667,320.7088977142857
CZ,AE,2022,374.16038066666664,1.1666666666666667,320.7088977142857
CZ,AE,2023,374.16038066666664,1.1666666666666667,320.7088977142857
CZ,AE,2024,374.16038066666664,1.1666666666666667,320.7088977142857
CZ,AE,2025,374.16038066666664,1.1666666666666667,320.7088977142857
CZ,AE,2026,374.16038066666664,1.1666666666666667,320.7088977142857
CZ,AE,2027,374.16038066666664,1.1666666666666667,320.7088977142857
CZ,AE,2028,374.16038066666664,1.1666666666666667,320.7088977142857
CZ,AE,2029,374.16038066666664,1.1666666666666667,320.7088977142857
DE,AE,2010,297.10747434905,1.4328571428571428,207.35317252675475
DE,AE,2011,265.12141476905003,1.19,222.79110484794123
DE,AE,2012,265.12141476905003,1.19,222.79110484794123
DE,AE,2013,190.5902507481,0.54,352.94490879277777
DE,AE,2014,250.9801006722143,0.9571428571428572,262.21801562768655
DE,AE,2015,250.9801006722143,0.9571428571428572,262.21801562768655
DE,AE,2016,578.708568513522,1.5109890109890112,382.9998526162218
DE,AE,2017,451.391158690422,1.170989010989011,385.4785608185848
DE,AE,2018,451.391158690422,1.170989010989011,385.4785608185848
DE,AE,2019,463.82849213502203,1.2967032967032968,357.6982439346356
DE,AE,2020,487.9777812967363,1.5967032967032968,305.61581622851344
DE,AE,2021,749.873447018022,1.8195604395604394,412.1179108505859
DE,AE,2022,879.924953811022,2.2945604395604393,383.4830142803238
DE,AE,2023,879.924953811022,2.2945604395604393,383.4830142803238
DE,AE,2024,879.924953811022,2.2945604395604393,383.4830142803238
DE,AE,2025,879.924953811022,2.2945604395604393,383.4830142803238
DE,AE,2026,820.192992456022,1.9088461538461539,429.6799879882445
DE,AE,2027,796.0437032943078,1.6088461538461538,494.7916874408798
DE,AE,2028,796.0437032943078,1.6088461538461538,494.7916874408798
DE,AE,2029,468.315235453,1.055,443.9006971118484
DE,AE,2030,338.26372866,0.58,583.2133252758622
DK,AE,2010,429.0351069,1.4090909090909092,304.4765274774193
DK,AE,2011,429.0351069,1.4090909090909092,304.4765274774193
DK,AE,2012,429.0351069,1.4090909090909092,304.4765274774193
DK,AE,2013,429.0351069,1.4090909090909092,304.4765274774193
DK,AE,2014,429.0351069,1.4090909090909092,304.4765274774193
DK,AE,2015,429.0351069,1.4090909090909092,304.4765274774193
DK,AE,2016,429.0351069,1.4090909090909092,304.4765274774193
DK,AE,2017,429.0351069,1.4090909090909092,304.4765274774193
DK,AE,2018,429.0351069,1.4090909090909092,304.4765274774193
DK,AE,2019,429.0351069,1.4090909090909092,304.4765274774193
DO,EMDE,2010,109.62349999999999,1.65,66.43848484848485
DO,EMDE,2011,109.62349999999999,1.65,66.43848484848485
DO,EMDE,2012,109.62349999999999,1.65,66.43848484848485
DO,EMDE,2013,109.62349999999999,1.65,66.43848484848485
DO,EMDE,2014,109.62349999999999,1.65,66.43848484848485
DO,EMDE,2015,109.62349999999999,1.65,66.43848484848485
DO,EMDE,2016,109.62349999999999,1.65,66.43848484848485
DO,EMDE,2017,109.62349999999999,1.65,66.43848484848485
DO,EMDE,2018,109.62349999999999,1.65,66.43848484848485
EC,EMDE,2012,251.25,2.8625,87.77292576419215
EC,EMDE,2013,251.25,2.8625,87.77292576419215
EC,EMDE,2014,251.25,2.8625,87.77292576419215
EC,EMDE,2015,251.25,2.8625,87.77292576419215
EC,EMDE,2016,251.25,2.8625,87.77292576419215
EC,EMDE,2017,251.25,2.8625,87.77292576419215
EC,EMDE,2018,251.25,2.8625,87.77292576419215
EC,EMDE,2019,251.25,2.8625,87.77292576419215
EG,EMDE,2010,104.654205,0.6142857142857142,170.3673104651163
EG,EMDE,2011,104.654205,0.6142857142857142,170.3673104651163
EG,EMDE,2012,104.654205,0.6142857142857142,170.3673104651163
ES,AE,2010,840.0430944309036,7.109960317460318,118.15018044024295
ES,AE,2011,712.8264677749036,6.344960317460317,112.34529959365057
ES,AE,2012,597.0044745911536,5.194960317460318,114.91992972200674
ES,AE,2013,597.0044745911536,5.194960317460318,114.91992972200674
ES,AE,2014,597.0044745911536,5.194960317460318,114.91992972200674
ES,AE,2015,475.6299216044869,3.9394047619047616,120.73649455978031
ES,AE,2016,363.8506690634333,2.9483333333333333,123.40893241269643
ES,AE,2017,325.6143317753333,2.3583333333333334,138.06968131816254
ES,AE,2018,280.622040582,1.9916666666666665,140.89809568970713
ES,AE,2019,280.622040582,1.9916666666666665,140.89809568970713
ES,AE,2020,377.07415645311113,3.158333333333333,119.39023423317504
ES,AE,2021,377.07415645311113,3.158333333333333,119.39023423317504
ES,AE,2022,377.07415645311113,3.158333333333333,119.39023423317504
ES,AE,2023,377.07415645311113,3.158333333333333,119.39023423317504
ES,AE,2024,377.07415645311113,3.158333333333333,119.39023423317504
ES,AE,2025,377.07415645311113,3.158333333333333,119.39023423317504
ES,AE,2026,377.07415645311113,3.158333333333333,119.39023423317504
ES,AE,2027,96.4521158711111,1.1666666666666667,82.67324217523809
ES,AE,2028,96.4521158711111,1.1666666666666667,82.67324217523809
FI,AE,2010,181.47669068466666,1.5,120.98446045644444
FI,AE,2011,181.47669068466666,1.5,120.98446045644444
FI,AE,2012,181.47669068466666,1.5,120.98446045644444
FI,AE,2013,181.47669068466666,1.5,120.98446045644444
FI,AE,2014,335.4499315502667,2.2,152.47724161375757
FI,AE,2015,335.4499315502667,2.2,152.47724161375757
FI,AE,2016,335.4499315502667,2.2,152.47724161375757
FI,AE,2017,335.4499315502667,2.2,152.47724161375757
FI,AE,2018,153.9732408656,0.7,219.96177266514286
FI,AE,2019,153.9732408656,0.7,219.96177266514286
FI,AE,2020,153.9732408656,0.7,219.96177266514286
FI,AE,2021,153.9732408656,0.7,219.96177266514286
FI,AE,2022,153.9732408656,0.7,219.96177266514286
FI,AE,2023,153.9732408656,0.7,219.96177266514286
FR,AE,2010,197.48194330265,1.12,176.32316366308032
FR,AE,2011,197.48194330265,1.12,176.32316366308032
FR,AE,2012,197.22865750197,1.03,191.48413349705825
FR,AE,2013,129.84682058446998,0.78,166.47028280060255
FR,AE,2014,308.45644340272,2.145,143.80253771688578
FR,AE,2015,308.45644340272,2.145,143.80253771688578
FR,AE,2016,441.7767739018311,2.8449999999999998,155.28181859466824
FR,AE,2017,3418.3252896366885,17.487857142857145,195.46850490100738
FR,AE,2018,3418.3252896366885,17.487857142857145,195.46850490100738
FR,AE,2019,3418.3252896366885,17.487857142857145,195.46850490100738
FR,AE,2020,3418.3252896366885,17.487857142857145,195.46850490100738
FR,AE,2021,4213.718148111689,23.377857142857145,180.24398568108904
FR,AE,2022,3905.261704708969,21.232857142857142,183.92539818988618
FR,AE,2023,3905.261704708969,21.232857142857142,183.92539818988618
FR,AE,2024,3841.676792802683,20.875714285714288,184.0261243387311
FR,AE,2025,3708.356462303572,20.175714285714285,183.80298262497348
FR,AE,2026,3076.7731367635715,14.775714285714287,208.2317698670115
FR,AE,2027,3076.7731367635715,14.775714285714287,208.2317698670115
FR,AE,2028,3076.7731367635715,14.775714285714287,208.2317698670115
FR,AE,2029,3076.7731367635715,14.775714285714287,208.2317698670115
FR,AE,2030,3076.7731367635715,14.775714285714287,208.2317698670115
GB,AE,2015,261.9047521714286,0.4571428571428572,572.916645375
GB,AE,2016,261.9047521714286,0.4571428571428572,572.916645375
GB,AE,2017,261.9047521714286,0.4571428571428572,572.916645375
GB,AE,2018,261.9047521714286,0.4571428571428572,572.916645375
GB,AE,2019,261.9047521714286,0.4571428571428572,572.916645375
GB,AE,2020,261.9047521714286,0.4571428571428572,572.916645375
GB,AE,2021,261.9047521714286,0.4571428571428572,572.916645375
GR,AE,2010,93.08172615253334,0.6333333333333333,146.9711465566316
GR,AE,2011,93.08172615253334,0.6333333333333333,146.9711465566316
GR,AE,2012,188.4130456149333,1.3933333333333333,135.22467388631577
GR,AE,2013,272.08448207193334,1.9266666666666667,141.22031941449828
GR,AE,2014,272.08448207193334,1.9266666666666667,141.22031941449828
GR,AE,2015,272.08448207193334,1.9266666666666667,141.22031941449828
GR,AE,2016,272.08448207193334,1.9266666666666667,141.22031941449828
GR,AE,2017,272.08448207193334,1.9266666666666667,141.22031941449828
GR,AE,2018,272.08448207193334,1.9266666666666667,141.22031941449828
GR,AE,2019,437.26916532526667,3.348888888888889,130.5714163214134
GR,AE,2020,437.26916532526667,3.348888888888889,130.5714163214134
GR,AE,2021,344.1874391727333,2.7155555555555555,126.74660198668576
GR,AE,2022,165.18468325333336,1.4222222222222223,116.14548041250002
GR,AE,2023,165.18468325333336,1.4222222222222223,116.14548041250002
GR,AE,2024,165.18468325333336,1.4222222222222223,116.14548041250002
GR,AE,2025,165.18468325333336,1.4222222222222223,116.14548041250002
GR,AE,2026,165.18468325333336,1.4222222222222223,116.14548041250002
GR,AE,2027,165.18468325333336,1.4222222222222223,116.14548041250002
HK,AE,2010,298.3197335,0.375,795.5192893333333
HK,AE,2011,814.3354937333332,1.975,412.32176897890287
HK,AE,2012,1837.5352469060604,3.5204545454545455,521.9596569649235
HK,AE,2013,1837.5352469060604,3.5204545454545455,521.9596569649235
HK,AE,2014,1837.5352469060604,3.5204545454545455,521.9596569649235
HK,AE,2015,1837.5352469060604,3.5204545454545455,521.9596569649235
HK,AE,2016,1837.5352469060604,3.5204545454545455,521.9596569649235
HK,AE,2017,1023.1997531727272,1.5454545454545454,662.0704285235294
HK,AE,2018,1023.1997531727272,1.5454545454545454,662.0704285235294
HK,AE,2019,1023.1997531727272,1.5454545454545454,662.0704285235294
HK,AE,2020,1023.1997531727272,1.5454545454545454,662.0704285235294
HK,AE,2021,1023.1997531727272,1.5454545454545454,662.0704285235294
HK,AE,2022,1023.1997531727272,1.5454545454545454,662.0704285235294
HK,AE,2023,523.1987942821429,0.5571428571428572,939.0747589679488
HK,AE,2024,523.1987942821429,0.5571428571428572,939.0747589679488
HK,AE,2025,523.1987942821429,0.5571428571428572,939.0747589679488
HK,AE,2026,523.1987942821429,0.5571428571428572,939.0747589679488
HK,AE,2027,523.1987942821429,0.5571428571428572,939.0747589679488
HK,AE,2028,523.1987942821429,0.5571428571428572,939.0747589679488
HK,AE,2029,523.1987942821429,0.5571428571428572,939.0747589679488
HK,AE,2030,182.00202172500002,0.3,606.6734057500001
HU,EMDE,2010,238.71013955555554,0.8222222222222223,290.3231427027027
HU,EMDE,2011,238.71013955555554,0.8222222222222223,290.3231427027027
HU,EMDE,2012,238.71013955555554,0.8222222222222223,290.3231427027027
HU,EMDE,2013,238.71013955555554,0.8222222222222223,290.3231427027027
HU,EMDE,2014,238.71013955555554,0.8222222222222223,290.3231427027027
ID,EMDE,2013,188.14175600000002,2.242857142857143,83.88485936305733
ID,EMDE,2014,188.14175600000002,2.242857142857143,83.88485936305733
ID,EMDE,2015,188.14175600000002,2.242857142857143,83.88485936305733
ID,EMDE,2016,188.14175600000002,2.242857142857143,83.88485936305733
ID,EMDE,2017,188.14175600000002,2.242857142857143,83.88485936305733
ID,EMDE,2018,188.14175600000002,2.242857142857143,83.88485936305733
ID,EMDE,2019,188.14175600000002,2.242857142857143,83.88485936305733
IN,EMDE,2010,741.864437514303,10.561363636363637,70.24324349177819
IN,EMDE,2011,809.337515737303,11.771363636363636,68.75477988269168
IN,EMDE,2012,2054.391183710636,37.61580808080808,54.61510169600224
IN,EMDE,2013,2313.922912302636,41.47580808080808,55.789700535656294
IN,EMDE,2014,2661.3475921853033,49.6496176046176,53.602579850238115
IN,EMDE,2015,3014.152347120414,60.03406204906205,50.20736968718088
IN,EMDE,2016,4119.6503442775565,72.48977633477634,56.830777422349286
IN,EMDE,2017,5012.867565834848,87.256443001443,57.449827123390165
IN,EMDE,2018,5181.590368156182,90.24810966810966,57.414946276566326
IN,EMDE,2019,6777.129321495646,117.25150252525252,57.79993582628975
IN,EMDE,2020,7687.926195233344,125.18418650793652,61.412918114429246
IN,EMDE,2021,6602.064367072343,104.30259920634921,63.297218068468375
IN,EMDE,2022,6289.0961173723435,98.4525992063492,63.879432011651346
IN,EMDE,2023,4388.296471439784,72.64396825396827,60.40827032050342
IN,EMDE,2024,3358.5457838433394,50.832857142857144,66.0703720509889
IN,EMDE,2025,2504.6741641757144,36.642857142857146,68.35368089368421
IN,EMDE,2026,1561.6633172400002,21.78571428571429,71.68290636511476
IR,EMDE,2012,547.3333333333334,4.0,136.83333333333334
IR,EMDE,2013,547.3333333333334,4.0,136.83333333333334
IR,EMDE,2014,547.3333333333334,4.0,136.83333333333334
IT,AE,2010,994.2261412770837,7.243882012914621,137.25046038913197
IT,AE,2011,994.2261412770837,7.243882012914621,137.25046038913197
IT,AE,2012,930.919390447717,6.333882012914621,146.97453923985267
IT,AE,2013,1034.8748115003534,6.5793365583691665,157.29166646505615
IT,AE,2014,626.3018327080806,3.2949209739535825,190.08098757421175
IT,AE,2015,827.4509722819256,5.027420973953583,164.58756419421448
IT,AE,2016,575.4470091298195,3.516814913347522,163.6273228215111
IT,AE,2017,623.2819120116529,4.109176024458633,151.68050925581065
IT,AE,2018,667.6853127260425,4.3130721283547375,154.80504217320785
IT,AE,2019,690.8211192660425,4.663072128354737,148.14720858924042
IT,AE,2020,690.8211192660425,4.663072128354737,148.14720858924042
IT,AE,2021,690.8211192660425,4.663072128354737,148.14720858924042
IT,AE,2022,873.2129032984425,8.546115606615606,102.17658448505921
IT,AE,2023,845.7319326035674,8.18746176046176,103.29598566037998
IT,AE,2024,1007.4733464979254,9.152864357864358,110.07191924922174
IT,AE,2025,659.9819754617477,6.478968253968254,101.8652892854538
IT,AE,2026,607.3890407124143,5.767857142857142,105.30583987583654
IT,AE,2027,516.4056383892143,3.4678571428571425,148.9120275478682
IT,AE,2028,446.9044282812143,2.9178571428571427,153.16186036565483
IT,AE,2029,446.9044282812143,2.9178571428571427,153.16186036565483
IT,AE,2030,282.3655785937143,1.342857142857143,210.27223937829785
JP,AE,2010,50.16632571428571,0.9666666666666667,51.896199014778325
JP,AE,2011,50.16632571428571,0.9666666666666667,51.896199014778325
JP,AE,2012,50.16632571428571,0.9666666666666667,51.896199014778325
JP,AE,2013,50.16632571428571,0.9666666666666667,51.896199014778325
JP,AE,2014,111.72879208095239,1.1444444444444444,97.62709987656035
JP,AE,2015,193.9678413082251,1.4171717171717173,136.8696813222686
JP,AE,2016,193.9678413082251,1.4171717171717173,136.8696813222686
JP,AE,2017,193.9678413082251,1.4171717171717173,136.8696813222686
JP,AE,2018,273.2084538082251,2.158838383838384,126.55345386367661
JP,AE,2019,273.2084538082251,2.158838383838384,126.55345386367661
JP,AE,2020,223.04212809393943,1.1921717171717172,187.08892761109936
JP,AE,2021,223.04212809393943,1.1921717171717172,187.08892761109936
JP,AE,2022,223.04212809393943,1.1921717171717172,187.08892761109936
JP,AE,2023,161.47966172727274,1.0143939393939394,159.1883147722181
JP,AE,2024,161.47966172727274,1.0143939393939394,159.1883147722181
JP,AE,2025,161.47966172727274,1.0143939393939394,159.1883147722181
JP,AE,2026,79.2406125,0.7416666666666667,106.84127528089887
JP,AE,2027,79.2406125,0.7416666666666667,106.84127528089887
JP,AE,2028,79.2406125,0.7416666666666667,106.84127528089887
JP,AE,2029,79.2406125,0.7416666666666667,106.84127528089887
KR,AE,2010,566.4082194583333,8.264484126984128,68.53521777711089
KR,AE,2011,682.0765436458333,9.864484126984127,69.1446744569262
KR,AE,2012,519.0429606458333,7.393055555555556,70.20682541142213
KR,AE,2013,519.0429606458333,7.393055555555556,70.20682541142213
KR,AE,2014,851.202582057738,10.636111111111111,80.02949322036712
KR,AE,2015,851.202582057738,10.636111111111111,80.02949322036712
KR,AE,2016,851.202582057738,10.636111111111111,80.02949322036712
KR,AE,2017,732.3280309660714,8.29861111111111,88.247059798422
KR,AE,2018,569.6080401327381,6.143055555555556,92.72389529630826
KR,AE,2019,858.4754016595238,10.928769841269842,78.55187858542872
KR,AE,2020,858.4754016595238,10.928769841269842,78.55187858542872
KR,AE,2021,795.3864905309524,10.341269841269842,76.9138125916347
KR,AE,2022,744.0847698809523,9.853769841269841,75.51270040472787
KR,AE,2023,474.5561420142857,6.898214285714286,68.79405631063939
KR,AE,2024,474.5561420142857,6.898214285714286,68.79405631063939
KR,AE,2025,474.5561420142857,6.898214285714286,68.79405631063939
KR,AE,2026,70.02045629999999,0.5125,136.62528058536586
KR,AE,2027,70.02045629999999,0.5125,136.62528058536586
KR,AE,2028,70.02045629999999,0.5125,136.62528058536586
KW,EMDE,2020,3333.3333333333335,26.666666666666668,125.0
KW,EMDE,2021,3333.3333333333335,26.666666666666668,125.0
KW,EMDE,2022,3333.3333333333335,26.666666666666668,125.0
KW,EMDE,2023,3333.3333333333335,26.666666666666668,125.0
KW,EMDE,2024,3333.3333333333335,26.666666666666668,125.0
KW,EMDE,2025,3333.3333333333335,26.666666666666668,125.0
MX,EMDE,2010,860.8664797163999,4.9,175.6870366768163
MX,EMDE,2011,860.8664797163999,4.9,175.6870366768163
MX,EMDE,2012,860.8664797163999,4.9,175.6870366768163
MX,EMDE,2014,338.538042,3.0714285714285716,110.22168809302326
MX,EMDE,2015,338.538042,3.0714285714285716,110.22168809302326
MX,EMDE,2016,338.538042,3.0714285714285716,110.22168809302326
MX,EMDE,2017,338.538042,3.0714285714285716,110.22168809302326
MX,EMDE,2018,338.538042,3.0714285714285716,110.22168809302326
MX,EMDE,2019,338.538042,3.0714285714285716,110.22168809302326
MX,EMDE,2020,338.538042,3.0714285714285716,110.22168809302326
MY,EMDE,2012,1133.1258155,8.5,133.30891947058825
MY,EMDE,2013,1133.1258155,8.5,133.30891947058825
MY,EMDE,2014,1133.1258155,8.5,133.30891947058825
MY,EMDE,2015,1133.1258155,8.5,133.30891947058825
MY,EMDE,2016,2053.08082918125,15.025,136.64431475415972
MY,EMDE,2017,2053.08082918125,15.025,136.64431475415972
MY,EMDE,2018,919.9550136812501,6.525,140.98927412739465
MY,EMDE,2019,919.9550136812501,6.525,140.98927412739465
MY,EMDE,2020,919.9550136812501,6.525,140.98927412739465
MY,EMDE,2021,919.9550136812501,6.525,140.98927412739465
MY,EMDE,2022,919.9550136812501,6.525,140.98927412739465
MY,EMDE,2023,919.9550136812501,6.525,140.98927412739465
NL,AE,2010,219.16232595,0.60625,361.5048675463918
NL,AE,2011,219.16232595,0.60625,361.5048675463918
NL,AE,2012,219.16232595,0.60625,361.5048675463918
NL,AE,2013,219.16232595,0.60625,361.5048675463918
NL,AE,2014,219.16232595,0.60625,361.5048675463918
NL,AE,2015,219.16232595,0.60625,361.5048675463918
NL,AE,2016,219.16232595,0.60625,361.5048675463918
NL,AE,2017,219.16232595,0.60625,361.5048675463918
NL,AE,2018,219.16232595,0.60625,361.5048675463918
NO,AE,2013,56.59574469499999,0.4,141.48936173749996
NO,AE,2014,56.59574469499999,0.4,141.48936173749996
NO,AE,2015,56.59574469499999,0.4,141.48936173749996
NO,AE,2016,56.59574469499999,0.4,141.48936173749996
NO,AE,2020,280.37879496,0.82,341.9253597073171
NO,AE,2021,280.37879496,0.82,341.9253597073171
NO,AE,2022,280.37879496,0.82,341.9253597073171
NO,AE,2023,280.37879496,0.82,341.9253597073171
NO,AE,2024,280.37879496,0.82,341.9253597073171
NO,AE,2025,280.37879496,0.82,341.9253597073171
NO,AE,2026,280.37879496,0.82,341.9253597073171
NO,AE,2027,280.37879496,0.82,341.9253597073171
NO,AE,2028,280.37879496,0.82,341.9253597073171
NO,AE,2029,280.37879496,0.82,341.9253597073171
PA,EMDE,2010,401.8,2.7399999999999998,146.64233576642337
PA,EMDE,2011,401.8,2.7399999999999998,146.64233576642337
PA,EMDE,2012,401.8,2.7399999999999998,146.64233576642337
PA,EMDE,2013,401.8,2.7399999999999998,146.64233576642337
PA,EMDE,2014,401.8,2.7399999999999998,146.64233576642337
PA,EMDE,2015,426.0,4.2,101.42857142857143
PA,EMDE,2016,426.0,4.2,101.42857142857143
PA,EMDE,2017,426.0,4.2,101.42857142857143
PA,EMDE,2018,426.0,4.2,101.42857142857143
PA,EMDE,2019,426.0,4.2,101.42857142857143
PA,EMDE,2020,501.4,5.34,93.89513108614231
PA,EMDE,2021,501.4,5.34,93.89513108614231
PA,EMDE,2022,501.4,5.34,93.89513108614231
PA,EMDE,2023,501.4,5.34,93.89513108614231
PA,EMDE,2024,501.4,5.34,93.89513108614231
PE,EMDE,2014,486.3333333333333,2.9166666666666665,166.74285714285713
PE,EMDE,2015,486.3333333333333,2.9166666666666665,166.74285714285713
PE,EMDE,2016,486.3333333333333,2.9166666666666665,166.74285714285713
PE,EMDE,2017,486.3333333333333,2.9166666666666665,166.74285714285713
PE,EMDE,2018,486.3333333333333,2.9166666666666665,166.74285714285713
PE,EMDE,2019,486.3333333333333,2.9166666666666665,166.74285714285713
PE,EMDE,2020,486.3333333333333,2.9166666666666665,166.74285714285713
PE,EMDE,2021,486.3333333333333,2.9166666666666665,166.74285714285713
PE,EMDE,2022,486.3333333333333,2.9166666666666665,166.74285714285713
PE,EMDE,2023,486.3333333333333,2.9166666666666665,166.74285714285713
PE,EMDE,2024,486.3333333333333,2.9166666666666665,166.74285714285713
PE,EMDE,2025,486.3333333333333,2.9166666666666665,166.74285714285713
PH,EMDE,2015,217.568835,3.257142857142857,66.79744934210527
PH,EMDE,2016,217.568835,3.257142857142857,66.79744934210527
PH,EMDE,2017,217.568835,3.257142857142857,66.79744934210527
PH,EMDE,2018,217.568835,3.257142857142857,66.79744934210527
PH,EMDE,2019,1559.2375097657143,8.87142857142857,175.7594616483092
PH,EMDE,2020,1559.2375097657143,8.87142857142857,175.7594616483092
PH,EMDE,2021,1800.0272115457142,11.991428571428571,150.10948869216105
PH,EMDE,2022,1582.4583765457144,8.734285714285715,181.17776636931632
PH,EMDE,2023,1582.4583765457144,8.734285714285715,181.17776636931632
PH,EMDE,2024,1582.4583765457144,8.734285714285715,181.17776636931632
PH,EMDE,2025,1582.4583765457144,8.734285714285715,181.17776636931632
PK,EMDE,2015,296.7813175,4.516666666666667,65.70804077490774
PK,EMDE,2016,296.7813175,4.516666666666667,65.70804077490774
PK,EMDE,2017,296.7813175,4.516666666666667,65.70804077490774
PK,EMDE,2018,296.7813175,4.516666666666667,65.70804077490774
PK,EMDE,2019,296.7813175,4.516666666666667,65.70804077490774
PK,EMDE,2020,296.7813175,4.516666666666667,65.70804077490774
PL,EMDE,2010,326.1145930166667,1.0833333333333333,301.0288550923077
PL,EMDE,2011,326.1145930166667,1.0833333333333333,301.0288550923077
PL,EMDE,2012,326.1145930166667,1.0833333333333333,301.0288550923077
PL,EMDE,2013,326.1145930166667,1.0833333333333333,301.0288550923077
PL,EMDE,2014,326.1145930166667,1.0833333333333333,301.0288550923077
PL,EMDE,2015,433.6443271393333,2.27,191.0327432331865
PL,EMDE,2016,107.52973412266667,1.1866666666666665,90.61494448539327
PL,EMDE,2017,107.52973412266667,1.1866666666666665,90.61494448539327
PL,EMDE,2018,185.05519528266666,1.9866666666666668,93.14858822953019
PL,EMDE,2019,185.05519528266666,1.9866666666666668,93.14858822953019
PL,EMDE,2020,128.28374026066666,1.3666666666666667,93.8661514102439
PL,EMDE,2021,77.52546115999999,0.8,96.90682644999998
PL,EMDE,2022,77.52546115999999,0.8,96.90682644999998
PT,AE,2019,68.959629816,1.2,57.46635818000001
PT,AE,2020,68.959629816,1.2,57.46635818000001
PT,AE,2021,154.116932136,1.8666666666666667,82.56264221571429
PT,AE,2022,154.116932136,1.8666666666666667,82.56264221571429
PT,AE,2023,154.116932136,1.8666666666666667,82.56264221571429
QA,EMDE,2013,2571.4285714285716,8.857142857142858,290.3225806451613
QA,EMDE,2014,2571.4285714285716,8.857142857142858,290.3225806451613
QA,EMDE,2015,2571.4285714285716,8.857142857142858,290.3225806451613
QA,EMDE,2016,2571.4285714285716,8.857142857142858,290.3225806451613
QA,EMDE,2017,2571.4285714285716,8.857142857142858,290.3225806451613
QA,EMDE,2018,2571.4285714285716,8.857142857142858,290.3225806451613
QA,EMDE,2019,2571.4285714285716,8.857142857142858,290.3225806451613
QA,EMDE,2020,2571.4285714285716,8.857142857142858,290.3225806451613
QA,EMDE,2021,2571.4285714285716,8.857142857142858,290.3225806451613
QA,EMDE,2022,2571.4285714285716,8.857142857142858,290.3225806451613
QA,EMDE,2023,2571.4285714285716,8.857142857142858,290.3225806451613
QA,EMDE,2024,2571.4285714285716,8.857142857142858,290.3225806451613
QA,EMDE,2025,2571.4285714285716,8.857142857142858,290.3225806451613
QA,EMDE,2026,2571.4285714285716,8.857142857142858,290.3225806451613
RO,EMDE,2014,155.361643878,1.1500000000000001,135.09708163304344
RO,EMDE,2015,155.361643878,1.1500000000000001,135.09708163304344
RO,EMDE,2016,155.361643878,1.1500000000000001,135.09708163304344
RO,EMDE,2017,155.361643878,1.1500000000000001,135.09708163304344
RO,EMDE,2018,155.361643878,1.1500000000000001,135.09708163304344
RO,EMDE,2019,155.361643878,1.1500000000000001,135.09708163304344
RO,EMDE,2024,374.37490292499996,2.625,142.61901063809523
RO,EMDE,2025,374.37490292499996,2.625,142.61901063809523
RO,EMDE,2026,374.37490292499996,2.625,142.61901063809523
RO,EMDE,2027,374.37490292499996,2.625,142.61901063809523
RO,EMDE,2028,374.37490292499996,2.625,142.61901063809523
RO,EMDE,2029,374.37490292499996,2.625,142.61901063809523
RO,EMDE,2030,374.37490292499996,2.625,142.61901063809523
RO,EMDE,2031,374.37490292499996,2.625,142.61901063809523
RS,EMDE,2021,788.4935399999999,7.0,112.64193428571427
RS,EMDE,2022,788.4935399999999,7.0,112.64193428571427
RS,EMDE,2023,788.4935399999999,7.0,112.64193428571427
RS,EMDE,2024,788.4935399999999,7.0,112.64193428571427
RS,EMDE,2025,788.4935399999999,7.0,112.64193428571427
RS,EMDE,2026,788.4935399999999,7.0,112.64193428571427
RU,EMDE,2013,200.12563482857144,0.9142857142857144,218.88741309374998
RU,EMDE,2014,392.9433944285714,1.9142857142857144,205.2689373880597
RU,EMDE,2015,438.07148842857146,2.5392857142857146,172.51760444444443
RU,EMDE,2016,591.0514923950932,5.439285714285714,108.66343917966257
RU,EMDE,2017,1817.7911459665218,14.967857142857143,121.44631850885852
RU,EMDE,2018,1817.7911459665218,14.967857142857143,121.44631850885852
RU,EMDE,2019,1579.8452923665218,13.342857142857143,118.40382276836887
RU,EMDE,2020,1226.7396535714286,9.528571428571428,128.7432919790105
RU,EMDE,2021,1226.7396535714286,9.528571428571428,128.7432919790105
RU,EMDE,2022,1226.7396535714286,9.528571428571428,128.7432919790105
RU,EMDE,2023,1226.7396535714286,9.528571428571428,128.7432919790105
SA,EMDE,2014,3541.214285714286,36.42619047619048,97.21615791881823
SA,EMDE,2015,7931.714285714285,61.87619047619047,128.1868554717562
SA,EMDE,2016,7931.714285714285,61.87619047619047,128.1868554717562
SA,EMDE,2017,3541.214285714286,36.42619047619048,97.21615791881823
SA,EMDE,2018,2290.714285714286,26.251190476190473,87.26134869166933
SA,EMDE,2019,2290.714285714286,26.251190476190473,87.26134869166933
SA,EMDE,2020,1735.7142857142858,21.267857142857142,81.61209068010076
SA,EMDE,2021,1000.0,13.424999999999999,74.487895716946
SA,EMDE,2022,1000.0,13.424999999999999,74.487895716946
SA,EMDE,2023,1000.0,13.424999999999999,74.487895716946
SA,EMDE,2024,1000.0,13.424999999999999,74.487895716946
SA,EMDE,2025,1000.0,13.424999999999999,74.487895716946
SE,AE,2020,343.81998508636366,1.8896103896103895,181.95284434123712
SE,AE,2021,343.81998508636366,1.8896103896103895,181.95284434123712
SE,AE,2022,343.81998508636366,1.8896103896103895,181.95284434123712
SE,AE,2023,343.81998508636366,1.8896103896103895,181.95284434123712
SE,AE,2024,343.81998508636366,1.8896103896103895,181.95284434123712
SE,AE,2025,343.81998508636366,1.8896103896103895,181.95284434123712
SE,AE,2026,343.81998508636366,1.8896103896103895,181.95284434123712
SE,AE,2027,261.83111206636363,1.418181818181818,184.62450209807693
SE,AE,2028,261.83111206636363,1.418181818181818,184.62450209807693
SE,AE,2029,261.83111206636363,1.418181818181818,184.62450209807693
SE,AE,2030,261.83111206636363,1.418181818181818,184.62450209807693
SG,AE,2010,1890.4090330363633,7.417272727272726,254.86578457408996
SG,AE,2011,1890.4090330363633,7.417272727272726,254.86578457408996
SG,AE,2012,1890.4090330363633,7.417272727272726,254.86578457408996
SG,AE,2013,1484.2449173999998,4.1899999999999995,354.23506381861574
SG,AE,2014,3277.960456036363,8.099090909090908,404.73190050959704
SG,AE,2015,3277.960456036363,8.099090909090908,404.73190050959704
SG,AE,2016,3277.960456036363,8.099090909090908,404.73190050959704
SG,AE,2017,3668.1980784419193,8.543535353535354,429.35364888775257
SG,AE,2018,2183.953161041919,4.353535353535354,501.6504940676333
SG,AE,2019,2183.953161041919,4.353535353535354,501.6504940676333
SG,AE,2020,2183.953161041919,4.353535353535354,501.6504940676333
SG,AE,2021,2183.953161041919,4.353535353535354,501.6504940676333
SG,AE,2022,2183.953161041919,4.353535353535354,501.6504940676333
SG,AE,2023,2183.953161041919,4.353535353535354,501.6504940676333
SG,AE,2024,2183.953161041919,4.353535353535354,501.6504940676333
SG,AE,2025,390.2376224055555,0.4444444444444444,878.0346504124999
TH,EMDE,2011,235.1030650738,2.69,87.39890894936804
TH,EMDE,2012,335.7733233778,4.518571428571429,74.30961946394562
TH,EMDE,2013,335.7733233778,4.518571428571429,74.30961946394562
TH,EMDE,2014,335.7733233778,4.518571428571429,74.30961946394562
TH,EMDE,2015,622.2255112568,7.685238095238095,80.96372598297789
TH,EMDE,2016,622.2255112568,7.685238095238095,80.96372598297789
TH,EMDE,2017,1940.1124571988,22.49079365079365,86.2625164466056
TH,EMDE,2018,1940.1124571988,22.49079365079365,86.2625164466056
TH,EMDE,2019,1839.4421988948,20.66222222222222,89.02441272345237
TH,EMDE,2020,1839.4421988948,20.66222222222222,89.02441272345237
TH,EMDE,2021,1317.8869459419998,14.805555555555555,89.01300197732081
TH,EMDE,2022,1317.8869459419998,14.805555555555555,89.01300197732081
TH,EMDE,2023,770.3833995199999,3.988888888888889,193.1323285704735
TH,EMDE,2024,770.3833995199999,3.988888888888889,193.1323285704735
TH,EMDE,2025,770.3833995199999,3.988888888888889,193.1323285704735
TR,EMDE,2010,634.9599556733333,8.911333333333333,71.25308098376598
TR,EMDE,2011,851.8321778955556,17.447166666666664,48.82352499807356
TR,EMDE,2012,851.8321778955556,17.447166666666664,48.82352499807356
TR,EMDE,2013,745.229604910889,16.184666666666665,46.045409538506966
TR,EMDE,2014,476.3841503654343,14.971257575757576,31.819915458326374
TR,EMDE,2015,518.2054814771843,16.362646464646463,31.67002859817523
TR,EMDE,2016,831.9025052867082,25.8209797979798,32.21808435603188
TR,EMDE,2017,1124.1198213040243,31.925092352092353,35.21116897349712
TR,EMDE,2018,1262.9015897706909,37.71042568542568,33.489454622061636
TR,EMDE,2019,1154.6515897706909,35.247925685425685,32.758001139571064
TR,EMDE,2020,1010.4293675484686,28.247925685425685,35.77003772952406
TR,EMDE,2021,1010.4293675484686,28.247925685425685,35.77003772952406
TR,EMDE,2022,1010.4293675484686,28.247925685425685,35.77003772952406
TR,EMDE,2023,517.1926948051948,12.477092352092352,41.451379873650126
TR,EMDE,2024,332.1409090909091,7.956060606060606,41.74690535136164
TR,EMDE,2025,207.68636363636364,4.046969696969697,51.31898165481093
TR,EMDE,2026,207.68636363636364,4.046969696969697,51.31898165481093
TR,EMDE,2027,207.68636363636364,4.046969696969697,51.31898165481093
TW,AE,2010,844.1913390672728,7.709848484848485,109.49519186094135
TW,AE,2011,1081.6675808982727,9.249848484848485,116.93895123472292
TW,AE,2012,1081.6675808982727,9.249848484848485,116.93895123472292
TW,AE,2013,1081.6675808982727,9.249848484848485,116.93895123472292
TW,AE,2014,987.6690268982727,8.708181818181817,113.41851232781084
TW,AE,2015,987.6690268982727,8.708181818181817,113.41851232781084
TW,AE,2016,1221.6164967304155,10.694431818181817,114.22920988224179
TW,AE,2017,1221.6164967304155,10.694431818181817,114.22920988224179
TW,AE,2018,929.9716006054156,6.444431818181818,144.30622075660202
TW,AE,2019,1481.8803900649004,11.37776515151515,130.24353819322434
TW,AE,2020,1481.8803900649004,11.37776515151515,130.24353819322434
TW,AE,2021,1321.6330614585595,9.982083333333334,132.40052375090966
TW,AE,2022,1321.6330614585595,9.982083333333334,132.40052375090966
TW,AE,2023,1418.2864338514169,11.382083333333332,124.60692759978771
TW,AE,2024,1224.1221898764168,9.595833333333333,127.56809620943987
TW,AE,2025,1065.88990988975,8.229166666666666,129.5258624676152
TW,AE,2026,1065.88990988975,8.229166666666666,129.5258624676152
TW,AE,2027,668.70317383875,4.754166666666666,140.65623288457493
TW,AE,2028,668.70317383875,4.754166666666666,140.65623288457493
TW,AE,2029,420.99601185000006,3.091666666666667,136.17121677088952
TW,AE,2030,420.99601185000006,3.091666666666667,136.17121677088952
TW,AE,2031,136.43659825000003,1.6,85.27287390625001
TW,AE,2032,136.43659825000003,1.6,85.27287390625001
UA,EMDE,2018,108.51175303257142,1.24,87.50947825207372
UA,EMDE,2019,108.51175303257142,1.24,87.50947825207372
UA,EMDE,2020,108.51175303257142,1.24,87.50947825207372
UA,EMDE,2021,441.84508636590476,4.573333333333333,96.61335707709289
UA,EMDE,2022,441.84508636590476,4.573333333333333,96.61335707709289
UA,EMDE,2023,397.77970802190475,3.8333333333333335,103.76861948397514
UA,EMDE,2024,397.77970802190475,3.8333333333333335,103.76861948397514
UA,EMDE,2025,333.3333333333333,3.3333333333333335,99.99999999999999
UA,EMDE,2026,333.3333333333333,3.3333333333333335,99.99999999999999
US,AE,2010,1522.7666666666667,4.803333333333333,317.0229007633588
US,AE,2011,2233.4541666666664,6.803333333333333,328.28821656050957
US,AE,2012,2233.4541666666664,6.803333333333333,328.28821656050957
US,AE,2013,2640.8541666666665,8.418333333333333,313.702732132251
US,AE,2014,2895.399621212121,8.991060606060607,322.0309313965049
US,AE,2015,2098.399621212121,5.657727272727273,370.8909107951045
US,AE,2016,2098.399621212121,5.657727272727273,370.8909107951045
US,AE,2017,1638.299621212121,5.387727272727273,304.0799094462724
US,AE,2018,1904.9662878787879,5.8543939393939395,325.3908615647403
US,AE,2019,2536.6935606060606,6.090757575757576,416.48243737406403
US,AE,2020,2986.6935606060606,6.615757575757576,451.451481769879
US,AE,2021,2986.6935606060606,6.615757575757576,451.451481769879
US,AE,2022,2847.526893939394,6.390757575757576,445.5695369733754
US,AE,2023,2313.626893939394,3.800757575757576,608.7278253936615
US,AE,2024,3252.0884324009326,4.539219114219114,716.4422669559524
US,AE,2025,2997.542977855478,3.9664918414918415,755.7164107838097
US,AE,2026,2997.542977855478,3.9664918414918415,755.7164107838097
US,AE,2027,2020.188811188811,1.4998251748251747,1346.9495279170067
US,AE,2028,1570.188811188811,0.9748251748251747,1610.738880918221
US,AE,2029,1570.188811188811,0.9748251748251747,1610.738880918221
US,AE,2030,938.4615384615385,0.7384615384615384,1270.8333333333335
US,AE,2031,938.4615384615385,0.7384615384615384,1270.8333333333335
US,AE,2032,938.4615384615385,0.7384615384615384,1270.8333333333335
US,AE,2033,938.4615384615385,0.7384615384615384,1270.8333333333335
US,AE,2034,938.4615384615385,0.7384615384615384,1270.8333333333335
US,AE,2035,938.4615384615385,0.7384615384615384,1270.8333333333335
US,AE,2036,938.4615384615385,0.7384615384615384,1270.8333333333335
UZ,EMDE,2017,66.75,2.46,27.134146341463413
UZ,EMDE,2018,66.75,2.46,27.134146341463413
UZ,EMDE,2019,66.75,2.46,27.134146341463413
UZ,EMDE,2020,66.75,2.46,27.134146341463413
VN,EMDE,2010,483.29999999999995,3.125,154.65599999999998
VN,EMDE,2011,578.7284,4.275,135.37506432748535
VN,EMDE,2012,788.0083999999999,6.245,126.18228983186548
VN,EMDE,2013,788.0083999999999,6.245,126.18228983186548
VN,EMDE,2014,304.70840000000004,3.12,97.66294871794872
VN,EMDE,2015,304.70840000000004,3.12,97.66294871794872
VN,EMDE,2016,304.70840000000004,3.12,97.66294871794872
VN,EMDE,2017,304.70840000000004,3.12,97.66294871794872
VN,EMDE,2018,304.70840000000004,3.12,97.66294871794872
VN,EMDE,2019,304.70840000000004,3.12,97.66294871794872
VN,EMDE,2020,600.2512571428572,4.734285714285714,126.78813518406761
VN,EMDE,2021,504.8228571428571,3.5842857142857145,140.843363889996
VN,EMDE,2022,295.5428571428571,1.6142857142857143,183.07964601769908
VN,EMDE,2023,295.5428571428571,1.6142857142857143,183.07964601769908
VN,EMDE,2024,295.5428571428571,1.6142857142857143,183.07964601769908
VN,EMDE,2025,295.5428571428571,1.6142857142857143,183.07964601769908
VN,EMDE,2026,295.5428571428571,1.6142857142857143,183.07964601769908
